<?xml version="1.0" encoding="UTF-8"?>
<listing xmlns:xsi="http://www.w3.org/2001/XMLSchema-instance" xsi:noNamespaceSchemaLocation="urn:magento:module:Magento_Ui:etc/ui_configuration.xsd">
    <argument name="data" xsi:type="array">
        <item name="js_config" xsi:type="array">
            <item name="provider" xsi:type="string">adorncommerce_callforprice_callforprice_listing.adorncommerce_callforprice_callforprice_listing_data_source</item>
            <item name="deps" xsi:type="string">adorncommerce_callforprice_callforprice_listing.adorncommerce_callforprice_callforprice_listing_data_source</item>
        </item>
        <item name="spinner" xsi:type="string">callforprice_columns</item>
    </argument>
    <dataSource name="adorncommerce_callforprice_callforprice_listing_data_source">
        <argument name="dataProvider" xsi:type="configurableObject">
            <argument name="class" xsi:type="string">AdorncommerceCallForPriceDataProvider</argument>
            <argument name="name" xsi:type="string">adorncommerce_callforprice_callforprice_listing_data_source</argument>
            <argument name="primaryFieldName" xsi:type="string">id</argument>
            <argument name="requestFieldName" xsi:type="string">id</argument>
            <argument name="data" xsi:type="array">
                <item name="config" xsi:type="array">
                    <item name="update_url" xsi:type="url" path="mui/index/render"/>
                </item>
            </argument>
        </argument>
        <argument name="data" xsi:type="array">
            <item name="js_config" xsi:type="array">
                <item name="component" xsi:type="string">Magento_Ui/js/grid/provider</item>
            </item>
        </argument>
    </dataSource>
    <container name="listing_top">
        <argument name="data" xsi:type="array">
            <item name="config" xsi:type="array">
                <item name="template" xsi:type="string">ui/grid/toolbar</item>
            </item>
        </argument>
        <bookmark name="bookmarks">
            <argument name="data" xsi:type="array">
                <item name="config" xsi:type="array">
                    <item name="component" xsi:type="string">Magento_Ui/js/grid/controls/bookmarks/bookmarks</item>
                    <item name="displayArea" xsi:type="string">dataGridActions</item>
                    <item name="storageConfig" xsi:type="array">
                        <item name="saveUrl" xsi:type="url" path="mui/bookmark/save"/>
                        <item name="deleteUrl" xsi:type="url" path="mui/bookmark/delete"/>
                        <item name="namespace" xsi:type="string">adorncommerce_callforprice_callforprice_listing</item>
                    </item>
                </item>
            </argument>
        </bookmark>
        <container name="columns_controls">
            <argument name="data" xsi:type="array">
                <item name="config" xsi:type="array">
                    <item name="columnsData" xsi:type="array">
                        <item name="provider" xsi:type="string">adorncommerce_callforprice_callforprice_listing.adorncommerce_callforprice_callforprice_listing.callforprice_columns</item>
                    </item>
                    <item name="component" xsi:type="string">Magento_Ui/js/grid/controls/columns</item>
                    <item name="displayArea" xsi:type="string">dataGridActions</item>
                </item>
            </argument>
        </container>
        <filterSearch name="fulltext">
            <argument name="data" xsi:type="array">
                <item name="config" xsi:type="array">
                    <item name="provider" xsi:type="string">adorncommerce_callforprice_callforprice_listing.adorncommerce_callforprice_callforprice_listing_data_source</item>
                    <item name="chipsProvider" xsi:type="string">adorncommerce_callforprice_callforprice_listing.adorncommerce_callforprice_callforprice_listing.listing_top.listing_filters_chips</item>
                    <item name="storageConfig" xsi:type="array">
                        <item name="provider" xsi:type="string">adorncommerce_callforprice_callforprice_listing.adorncommerce_callforprice_callforprice_listing.listing_top.bookmarks</item>
                        <item name="namespace" xsi:type="string">current.search</item>
                    </item>
                </item>
            </argument>
        </filterSearch>
        <filters name="listing_filters">
            <argument name="data" xsi:type="array">
                <item name="config" xsi:type="array">
                    <item name="columnsProvider" xsi:type="string">adorncommerce_callforprice_callforprice_listing.adorncommerce_callforprice_callforprice_listing.callforprice_columns</item>
                    <item name="storageConfig" xsi:type="array">
                        <item name="provider" xsi:type="string">adorncommerce_callforprice_callforprice_listing.adorncommerce_callforprice_callforprice_listing.listing_top.bookmarks</item>
                        <item name="namespace" xsi:type="string">current.filters</item>

                    </item>
                    <item name="childDefaults" xsi:type="array">
                        <item name="provider" xsi:type="string">adorncommerce_callforprice_callforprice_listing.adorncommerce_callforprice_callforprice_listing.listing_top.listing_filters</item>
                        <item name="imports" xsi:type="array">
                            <item name="visible" xsi:type="string">adorncommerce_callforprice_callforprice_listing.adorncommerce_callforprice_callforprice_listing.callforprice_columns.${ $.index }:visible</item>
                        </item>
                    </item>
                </item>
            </argument>
        </filters>

        <massaction name="listing_massaction">
            <argument name="data" xsi:type="array">
                <item name="config" xsi:type="array">
                    <item name="selectProvider" xsi:type="string">adorncommerce_callforprice_callforprice_listing.adorncommerce_callforprice_callforprice_listing.callforprice_columns.ids</item>
                    <item name="indexField" xsi:type="string">id</item>
                </item>
            </argument>
            <action name="delete">
                <argument name="data" xsi:type="array">
                    <item name="config" xsi:type="array">
                        <item name="type" xsi:type="string">delete</item>
                        <item name="label" xsi:type="string" translate="true">Delete</item>
                        <item name="url" xsi:type="url" path="adorncommerce_callforprice/callforprice/massDelete"/>
                        <item name="confirm" xsi:type="array">
                            <item name="title" xsi:type="string" translate="true">Delete items</item>
                            <item name="message" xsi:type="string" translate="true">Are you sure you wan't to delete selected items?</item>
                        </item>
                    </item>
                </argument>
            </action>
        </massaction>
        <paging name="listing_paging">
            <argument name="data" xsi:type="array">
                <item name="config" xsi:type="array">
                    <item name="storageConfig" xsi:type="array">
                        <item name="provider" xsi:type="string">adorncommerce_callforprice_callforprice_listing.adorncommerce_callforprice_callforprice_listing.listing_top.bookmarks</item>
                        <item name="namespace" xsi:type="string">current.paging</item>
                    </item>
                    <item name="selectProvider" xsi:type="string">adorncommerce_callforprice_callforprice_listing.adorncommerce_callforprice_callforprice_listing.callforprice_columns.ids</item>
                    <item name="displayArea" xsi:type="string">bottom</item>
                    <item name="options" xsi:type="array">
                        <item name="20" xsi:type="array">
                            <item name="value" xsi:type="number">20</item>
                            <item name="label" xsi:type="string" translate="true">20</item>
                        </item>
                        <item name="30" xsi:type="array">
                            <item name="value" xsi:type="number">30</item>
                            <item name="label" xsi:type="string" translate="true">30</item>
                        </item>
                        <item name="50" xsi:type="array">
                            <item name="value" xsi:type="number">50</item>
                            <item name="label" xsi:type="string" translate="true">50</item>
                        </item>
                        <item name="100" xsi:type="array">
                            <item name="value" xsi:type="number">100</item>
                            <item name="label" xsi:type="string" translate="true">100</item>
                        </item>
                        <item name="200" xsi:type="array">
                            <item name="value" xsi:type="number">200</item>
                            <item name="label" xsi:type="string" translate="true">200</item>
                        </item>
                    </item>
                </item>
            </argument>
        </paging>
    </container>
    <columns name="callforprice_columns">
        <settings>
        <editorConfig>
            <param name="clientConfig" xsi:type="array">
                <item name="saveUrl" xsi:type="url" path="adorncommerce_callforprice/callforprice/inline"/>
                <item name="validateBeforeSave" xsi:type="boolean">false</item>
            </param>
            <param name="indexField" xsi:type="string">id</param>
            <param name="enabled" xsi:type="boolean">true</param>
            <param name="selectProvider" xsi:type="string">adorncommerce_callforprice_callforprice_listing.adorncommerce_callforprice_callforprice_listing.callforprice_columns.ids</param>
        </editorConfig>
        <childDefaults>
            <param name="fieldAction" xsi:type="array">
                <item name="provider" xsi:type="string">adorncommerce_callforprice_callforprice_listing.adorncommerce_callforprice_callforprice_listing.callforprice_columns_editor</item>
                <item name="target" xsi:type="string">startEdit</item>
                <item name="params" xsi:type="array">
                    <item name="0" xsi:type="string">${ $.$data.rowIndex }</item>
                    <item name="1" xsi:type="boolean">true</item>
                </item>
            </param>
        </childDefaults>
    </settings>
        <selectionsColumn name="ids">
            <argument name="data" xsi:type="array">
                <item name="config" xsi:type="array">
                    <item name="resizeEnabled" xsi:type="boolean">false</item>
                    <item name="resizeDefaultWidth" xsi:type="string">55</item>
                    <item name="indexField" xsi:type="string">id</item>
                    <item name="sortOrder" xsi:type="number">0</item>
                </item>
            </argument>
        </selectionsColumn>

        <column name="id">
            <argument name="data" xsi:type="array">
                <item name="config" xsi:type="array">
                    <item name="filter" xsi:type="string">textRange</item>
                    <item name="sorting" xsi:type="string">asc</item>
                    <item name="label" xsi:type="string" translate="true">ID</item>
                    <item name="sortOrder" xsi:type="number">5</item>
                </item>
            </argument>
        </column>


        <column name="customer_name">
            <argument name="data" xsi:type="array">
                <item name="config" xsi:type="array">
                    <item name="filter" xsi:type="string">text</item>
                    <item name="editor" xsi:type="array">
                        <item name="editorType" xsi:type="string">text</item>
                        <item name="validation" xsi:type="array">
                            <item name="required-entry" xsi:type="boolean">true</item>
                        </item>
                    </item>
                    <item name="label" xsi:type="string" translate="true">Customer Name</item>
                    <item name="sortOrder" xsi:type="number">20</item>
                </item>
            </argument>
        </column>

        <column name="customer_email">
            <argument name="data" xsi:type="array">
                <item name="config" xsi:type="array">
                    <item name="filter" xsi:type="string">text</item>
                    <item name="editor" xsi:type="array">
                        <item name="editorType" xsi:type="string">text</item>
                    </item>
                    <item name="label" xsi:type="string" translate="true">Customer Email</item>
                    <item name="sortOrder" xsi:type="number">30</item>
                </item>
            </argument>
        </column>
        <column name="customer_telephone">
            <argument name="data" xsi:type="array">
                <item name="config" xsi:type="array">
                    <item name="filter" xsi:type="string">text</item>
                    <item name="editor" xsi:type="array">
                        <item name="editorType" xsi:type="string">text</item>
                        <item name="validation" xsi:type="array">
                            <item name="required-entry" xsi:type="boolean">true</item>
                        </item>
                    </item>
                    <item name="label" xsi:type="string" translate="true">Customer Telephone</item>
                    <item name="sortOrder" xsi:type="number">50</item>
                </item>
            </argument>
        </column>


        <column name="product_name">
            <argument name="data" xsi:type="array">
                <item name="config" xsi:type="array">
                    <item name="filter" xsi:type="string">text</item>
                    <item name="editor" xsi:type="array">
                        <item name="editorType" xsi:type="string">text</item>
                        <item name="validation" xsi:type="array">
                            <item name="required-entry" xsi:type="boolean">true</item>
                        </item>
                    </item>
                    <item name="label" xsi:type="string" translate="true">Product Name</item>
                    <item name="sortOrder" xsi:type="number">60</item>
                </item>
            </argument>
        </column>
        <column name="status">
            <argument name="data" xsi:type="array">
                <item name="options" xsi:type="object">Adorncommerce\CallForPrice\Model\Config\Source\Status</item>
                <item name="config" xsi:type="array">
                    <item name="filter" xsi:type="string">select</item>
                    <item name="component" xsi:type="string">Magento_Ui/js/grid/columns/select</item>
                    <item name="editor" xsi:type="string">select</item>
                    <item name="dataType" xsi:type="string">select</item>
                    <item name="label" xsi:type="string" translate="true">Status</item>
                    <item name="sortOrder" xsi:type="number">70</item>
                </item>
            </argument>
        </column>

        <actionsColumn name="actions" class="Adorncommerce\CallForPrice\Ui\Component\Listing\Column\CallForPriceActions">
            <argument name="data" xsi:type="array">
                <item name="config" xsi:type="array">
                    <item name="resizeEnabled" xsi:type="boolean">false</item>
                    <item name="resizeDefaultWidth" xsi:type="string">107</item>
                    <item name="indexField" xsi:type="string">id</item>
                    <item name="sortOrder" xsi:type="number">200</item>
                </item>
            </argument>
        </actionsColumn>
    </columns>
</listing>