<?xml version="1.0"?>

<config xmlns:xsi="http://www.w3.org/2001/XMLSchema-instance" xsi:noNamespaceSchemaLocation="urn:magento:framework:Acl/etc/acl.xsd">
    <acl>
        <resources>
            <resource id="Magento_Backend::admin">
                <resource id="Adorncommerce_CallForPrice::callforprice" title="Call For Price" sortOrder="51">
                    <resource id="Magento_Catalog::callforprice" title="Call For Price" sortOrder="10"/>
                    <resource id="Adorncommerce_CallForPrice::config_callforprice" title="Call For Price Configration" sortOrder="10"/>
                </resource>            
            </resource>
        </resources>
    </acl>
</config>